{"cameraMode":{"drawMode":0,"name":"Shaded","section":"Shading Mode"},"sceneLighting":true,"audioPlay":false,"sceneViewState":{"showFog":true,"showMaterialUpdate":false,"showSkybox":true,"showFlares":true,"showImageEffects":true,"showParticleSystems":true},"in2DMode":false,"pivot":{"x":161.71328735351563,"y":133.80441284179688,"z":-86.9300308227539},"rotation":{"x":-0.007809252478182316,"y":0.009596489369869233,"z":-0.00007457480387529358,"w":-0.9999262094497681},"size":270.663330078125,"orthographic":false}