{"cameraMode":{"drawMode":0,"name":"Shaded","section":"Shading Mode"},"sceneLighting":false,"audioPlay":false,"sceneViewState":{"showFog":true,"showMaterialUpdate":false,"showSkybox":false,"showFlares":true,"showImageEffects":true,"showParticleSystems":true},"in2DMode":false,"pivot":{"x":0.8722808361053467,"y":2.703200101852417,"z":3.894996166229248},"rotation":{"x":-0.10061249136924744,"y":0.02297765202820301,"z":-0.0023286629002541305,"w":-0.9946632385253906},"size":2.8709638118743898,"orthographic":false}