{"cameraMode":{"drawMode":0,"name":"Shaded","section":"Shading Mode"},"sceneLighting":true,"audioPlay":false,"sceneViewState":{"showFog":true,"showMaterialUpdate":false,"showSkybox":true,"showFlares":true,"showImageEffects":true,"showParticleSystems":true},"in2DMode":false,"pivot":{"x":0.16894756257534028,"y":0.5413246750831604,"z":-0.12308848649263382},"rotation":{"x":0.1716456264257431,"y":0.002955573843792081,"z":-0.0005140835419297218,"w":0.9851585030555725},"size":0.6234560012817383,"orthographic":true}