{"cameraMode":{"drawMode":0,"name":"Shaded","section":"Shading Mode"},"sceneLighting":false,"audioPlay":false,"sceneViewState":{"showFog":true,"showMaterialUpdate":false,"showSkybox":false,"showFlares":true,"showImageEffects":true,"showParticleSystems":true},"in2DMode":false,"pivot":{"x":-7.015199661254883,"y":0.7128748893737793,"z":6.4029364585876469},"rotation":{"x":0.060067400336265567,"y":0.9383162260055542,"z":-0.2106228917837143,"w":0.26758378744125368},"size":2.576237916946411,"orthographic":false}