{"cameraMode":{"drawMode":0,"name":"Shaded","section":"Shading Mode"},"sceneLighting":false,"audioPlay":false,"sceneViewState":{"showFog":true,"showMaterialUpdate":false,"showSkybox":false,"showFlares":true,"showImageEffects":true,"showParticleSystems":true},"in2DMode":false,"pivot":{"x":10.539999961853028,"y":1.3128609657287598,"z":-5.191957950592041},"rotation":{"x":-0.012064884416759014,"y":0.9823360443115234,"z":-0.068195641040802,"w":-0.17388738691806794},"size":7.5760416984558109,"orthographic":false}