{"cameraMode":{"drawMode":0,"name":"Shaded","section":"Shading Mode"},"sceneLighting":false,"audioPlay":false,"sceneViewState":{"showFog":true,"showMaterialUpdate":false,"showSkybox":false,"showFlares":true,"showImageEffects":true,"showParticleSystems":true},"in2DMode":false,"pivot":{"x":-4.155708312988281,"y":1.1199148893356324,"z":6.2908806800842289},"rotation":{"x":0.060067400336265567,"y":0.9383162260055542,"z":-0.2106228917837143,"w":0.26758378744125368},"size":2.975295305252075,"orthographic":false}