{"cameraMode":{"drawMode":0,"name":"Shaded","section":"Shading Mode"},"sceneLighting":false,"audioPlay":false,"sceneViewState":{"showFog":true,"showMaterialUpdate":false,"showSkybox":false,"showFlares":true,"showImageEffects":true,"showParticleSystems":true},"in2DMode":false,"pivot":{"x":0.044564612209796908,"y":0.632134199142456,"z":0.14839932322502137},"rotation":{"x":0.060067400336265567,"y":0.9383162260055542,"z":-0.2106228917837143,"w":0.26758378744125368},"size":3.110109806060791,"orthographic":false}