{"cameraMode":{"drawMode":0,"name":"Shaded","section":"Shading Mode"},"sceneLighting":false,"audioPlay":false,"sceneViewState":{"showFog":true,"showMaterialUpdate":false,"showSkybox":false,"showFlares":true,"showImageEffects":true,"showParticleSystems":true},"in2DMode":false,"pivot":{"x":0.8325337171554565,"y":2.451162815093994,"z":-2.081373691558838},"rotation":{"x":-0.1333317756652832,"y":0.7454997897148132,"z":-0.15680687129497529,"w":-0.6339400410652161},"size":7.065495014190674,"orthographic":false}