{"cameraMode":{"drawMode":0,"name":"Shaded","section":"Shading Mode"},"sceneLighting":false,"audioPlay":false,"sceneViewState":{"showFog":true,"showMaterialUpdate":false,"showSkybox":false,"showFlares":true,"showImageEffects":true,"showParticleSystems":true},"in2DMode":false,"pivot":{"x":8.069999694824219,"y":1.366868495941162,"z":-4.8285908699035648},"rotation":{"x":-0.012064884416759014,"y":0.9823360443115234,"z":-0.068195641040802,"w":-0.17388738691806794},"size":5.806545734405518,"orthographic":false}