{"cameraMode":{"drawMode":0,"name":"Shaded","section":"Shading Mode"},"sceneLighting":false,"audioPlay":false,"sceneViewState":{"showFog":true,"showMaterialUpdate":false,"showSkybox":false,"showFlares":true,"showImageEffects":true,"showParticleSystems":true},"in2DMode":false,"pivot":{"x":-5.559999942779541,"y":0.5641153454780579,"z":9.229999542236329},"rotation":{"x":-0.027102448046207429,"y":-0.12205202877521515,"z":0.003331742249429226,"w":-0.9921509027481079},"size":6.680459499359131,"orthographic":false}