{"cameraMode":{"drawMode":0,"name":"Shaded","section":"Shading Mode"},"sceneLighting":false,"audioPlay":false,"sceneViewState":{"showFog":true,"showMaterialUpdate":false,"showSkybox":false,"showFlares":true,"showImageEffects":true,"showParticleSystems":true},"in2DMode":false,"pivot":{"x":-5.820000171661377,"y":0.43088197708129885,"z":4.849999904632568},"rotation":{"x":-0.027102448046207429,"y":-0.12205202877521515,"z":0.003331742249429226,"w":-0.9921509027481079},"size":5.689221382141113,"orthographic":false}