{"cameraMode":{"drawMode":0,"name":"Shaded","section":"Shading Mode"},"sceneLighting":false,"audioPlay":false,"sceneViewState":{"showFog":true,"showMaterialUpdate":false,"showSkybox":false,"showFlares":true,"showImageEffects":true,"showParticleSystems":true},"in2DMode":false,"pivot":{"x":-0.5219480991363525,"y":2.884788751602173,"z":4.011870384216309},"rotation":{"x":-0.10061249136924744,"y":0.02297765202820301,"z":-0.0023286629002541305,"w":-0.9946632385253906},"size":2.4747772216796877,"orthographic":false}