{"cameraMode":{"drawMode":0,"name":"Shaded","section":"Shading Mode"},"sceneLighting":false,"audioPlay":false,"sceneViewState":{"showFog":true,"showMaterialUpdate":false,"showSkybox":false,"showFlares":true,"showImageEffects":true,"showParticleSystems":true},"in2DMode":false,"pivot":{"x":-5.46999979019165,"y":0.5493744611740112,"z":7.150000095367432},"rotation":{"x":-0.10061249136924744,"y":0.02297765202820301,"z":-0.0023286629002541305,"w":-0.9946632385253906},"size":6.498138904571533,"orthographic":false}