{"cameraMode":{"drawMode":0,"name":"Shaded","section":"Shading Mode"},"sceneLighting":false,"audioPlay":false,"sceneViewState":{"showFog":true,"showMaterialUpdate":false,"showSkybox":false,"showFlares":true,"showImageEffects":true,"showParticleSystems":true},"in2DMode":false,"pivot":{"x":8.593450546264649,"y":1.503145456314087,"z":-4.68552827835083},"rotation":{"x":-0.10061249136924744,"y":0.02297765202820301,"z":-0.0023286629002541305,"w":-0.9946632385253906},"size":5.53281831741333,"orthographic":false}