{"cameraMode":{"drawMode":0,"name":"Shaded","section":"Shading Mode"},"sceneLighting":false,"audioPlay":false,"sceneViewState":{"showFog":true,"showMaterialUpdate":false,"showSkybox":false,"showFlares":true,"showImageEffects":true,"showParticleSystems":true},"in2DMode":false,"pivot":{"x":5.579999923706055,"y":1.2630975246429444,"z":4.01059627532959},"rotation":{"x":-0.16727963089942933,"y":0.77349454164505,"z":-0.2281380444765091,"w":-0.5671711564064026},"size":5.783308029174805,"orthographic":false}