{"cameraMode":{"drawMode":0,"name":"Shaded","section":"Shading Mode"},"sceneLighting":false,"audioPlay":false,"sceneViewState":{"showFog":true,"showMaterialUpdate":false,"showSkybox":false,"showFlares":true,"showImageEffects":true,"showParticleSystems":true},"in2DMode":false,"pivot":{"x":-2.2099997997283937,"y":1.7170519828796387,"z":-2.0798611640930177},"rotation":{"x":-0.10061249136924744,"y":0.02297765202820301,"z":-0.0023286629002541305,"w":-0.9946632385253906},"size":6.289184093475342,"orthographic":false}